Asset ID,Serial Number,Make,Model,Type,Department,Location,Vendor,Acquired,Value,Warranty
SMP-LAG-000001,SN100001,HP,ProDesk 400,Desktop,Finance,Lagos HQ,ABC Technologies,02/02/2023,501000,02/02/2026
SMP-LAG-000002,SN100002,Epson,WF-C5790,Printer,Finance,Lagos HQ,ABC Technologies,03/03/2023,502000,03/03/2026
SMP-LAG-000003,SN100003,Dell,Latitude 5430,Laptop,Finance,Lagos HQ,ABC Technologies,04/04/2023,503000,04/04/2026
SMP-LAG-000004,SN100004,HP,ProDesk 400,Desktop,Finance,Lagos HQ,ABC Technologies,05/05/2023,504000,05/05/2026
SMP-LAG-000005,SN100005,Epson,WF-C5790,Printer,Finance,Lagos HQ,ABC Technologies,06/06/2023,505000,06/06/2026
SMP-LAG-000006,SN100006,Dell,Latitude 5430,Laptop,Finance,Lagos HQ,ABC Technologies,07/07/2023,506000,07/07/2026
SMP-LAG-000007,SN100007,HP,ProDesk 400,Desktop,Finance,Lagos HQ,ABC Technologies,08/08/2023,507000,08/08/2026
SMP-LAG-000008,SN100008,Epson,WF-C5790,Printer,Finance,Lagos HQ,ABC Technologies,09/09/2023,508000,09/09/2026
SMP-LAG-000009,SN100009,Dell,Latitude 5430,Laptop,Finance,Lagos HQ,ABC Technologies,10/01/2023,509000,10/01/2026
SMP-LAG-000010,SN100010,HP,ProDesk 400,Desktop,Finance,Lagos HQ,ABC Technologies,11/02/2023,510000,11/02/2026
SMP-LAG-000011,SN100011,Epson,WF-C5790,Printer,Finance,Lagos HQ,ABC Technologies,12/03/2023,511000,12/03/2026
SMP-LAG-000012,SN100012,Dell,Latitude 5430,Laptop,Finance,Lagos HQ,ABC Technologies,13/04/2023,512000,13/04/2026
SMP-LAG-000013,SN100013,HP,ProDesk 400,Desktop,Finance,Lagos HQ,ABC Technologies,14/05/2023,513000,14/05/2026
SMP-LAG-000014,SN100014,Epson,WF-C5790,Printer,Finance,Lagos HQ,ABC Technologies,15/06/2023,514000,15/06/2026
SMP-LAG-000015,SN100015,Dell,Latitude 5430,Laptop,Finance,Lagos HQ,ABC Technologies,16/07/2023,515000,16/07/2026
SMP-LAG-000016,SN100016,HP,ProDesk 400,Desktop,Finance,Lagos HQ,ABC Technologies,17/08/2023,516000,17/08/2026
SMP-LAG-000017,SN100017,Epson,WF-C5790,Printer,Finance,Lagos HQ,ABC Technologies,18/09/2023,517000,18/09/2026
SMP-LAG-000018,SN100018,Dell,Latitude 5430,Laptop,Finance,Lagos HQ,ABC Technologies,19/01/2023,518000,19/01/2026
SMP-LAG-000019,SN100019,HP,ProDesk 400,Desktop,Finance,Lagos HQ,ABC Technologies,20/02/2023,519000,20/02/2026
SMP-LAG-000020,SN100020,Epson,WF-C5790,Printer,Finance,Lagos HQ,ABC Technologies,21/03/2023,520000,21/03/2026
SMP-LAG-000021,SN100021,Dell,Latitude 5430,Laptop,Finance,Lagos HQ,ABC Technologies,22/04/2023,521000,22/04/2026
SMP-LAG-000022,SN100022,HP,ProDesk 400,Desktop,Finance,Lagos HQ,ABC Technologies,23/05/2023,522000,23/05/2026
SMP-LAG-000023,SN100023,Epson,WF-C5790,Printer,Finance,Lagos HQ,ABC Technologies,24/06/2023,523000,24/06/2026
SMP-LAG-000024,SN100024,Dell,Latitude 5430,Laptop,Finance,Lagos HQ,ABC Technologies,25/07/2023,524000,25/07/2026
SMP-LAG-000025,SN100025,HP,ProDesk 400,Desktop,Finance,Lagos HQ,ABC Technologies,26/08/2023,525000,26/08/2026
SMP-LAG-000026,SN100026,Epson,WF-C5790,Printer,Finance,Lagos HQ,ABC Technologies,27/09/2023,526000,27/09/2026
SMP-LAG-000027,SN100027,Dell,Latitude 5430,Laptop,Finance,Lagos HQ,ABC Technologies,28/01/2023,527000,28/01/2026
SMP-LAG-000028,SN100028,HP,ProDesk 400,Desktop,Finance,Lagos HQ,ABC Technologies,01/02/2023,528000,01/02/2026
SMP-LAG-000029,SN100029,Epson,WF-C5790,Printer,Finance,Lagos HQ,ABC Technologies,02/03/2023,529000,02/03/2026
SMP-LAG-000030,SN100030,Dell,Latitude 5430,Laptop,Finance,Lagos HQ,ABC Technologies,03/04/2023,530000,03/04/2026
SMP-LAG-000031,SN100031,HP,ProDesk 400,Desktop,Finance,Lagos HQ,ABC Technologies,04/05/2023,531000,04/05/2026
SMP-LAG-000032,SN100032,Epson,WF-C5790,Printer,Finance,Lagos HQ,ABC Technologies,05/06/2023,532000,05/06/2026
SMP-LAG-000033,SN100033,Dell,Latitude 5430,Laptop,Finance,Lagos HQ,ABC Technologies,06/07/2023,533000,06/07/2026
SMP-LAG-000034,SN100034,HP,ProDesk 400,Desktop,Finance,Lagos HQ,ABC Technologies,07/08/2023,534000,07/08/2026
SMP-LAG-000035,SN100035,Epson,WF-C5790,Printer,Finance,Lagos HQ,ABC Technologies,08/09/2023,535000,08/09/2026
SMP-LAG-000036,SN100036,Dell,Latitude 5430,Laptop,Finance,Lagos HQ,ABC Technologies,09/01/2023,536000,09/01/2026
SMP-LAG-000037,SN100037,HP,ProDesk 400,Desktop,Finance,Lagos HQ,ABC Technologies,10/02/2023,537000,10/02/2026
SMP-LAG-000038,SN100038,Epson,WF-C5790,Printer,Finance,Lagos HQ,ABC Technologies,11/03/2023,538000,11/03/2026
SMP-LAG-000039,SN100039,Dell,Latitude 5430,Laptop,Finance,Lagos HQ,ABC Technologies,12/04/2023,539000,12/04/2026
SMP-LAG-000040,SN100040,HP,ProDesk 400,Desktop,Finance,Lagos HQ,ABC Technologies,13/05/2023,540000,13/05/2026
SMP-LAG-000003,SN999,Dell,Latitude 5430,Laptop,Finance,Lagos HQ,,01/02/2023,500000,
SMP-LAG-000050,,HP,ProDesk 400,Desktop,Legal,Abuja HQ,,05/05/2022,400000,
,SN777,HP,ProDesk 400,Desktop,Legal,Abuja HQ,,05/05/2022,400000,
SMP-ABJ-000051,SN778,HP,ProDesk 400,Desktop,Legal,Abuja HQ,,not-a-date,400000,
SMP-ABJ-000052,SN100005,Dell,Latitude 5430,Laptop,Legal,Abuja HQ,,05/05/2022,400000,
